{
  "GET /voters" : {
    "transaction" : "GET /voters",
    "sampleCount" : 3829,
    "errorCount" : 0,
    "errorPct" : 0.0,
    "meanResTime" : 8.6983546617916,
    "medianResTime" : 7.0,
    "minResTime" : 1.0,
    "maxResTime" : 86.0,
    "pct1ResTime" : 18.0,
    "pct2ResTime" : 24.0,
    "pct3ResTime" : 34.69999999999982,
    "throughput" : 66.09016846175089,
    "receivedKBytesPerSec" : 7777.1883387487915,
    "sentKBytesPerSec" : 10.003882921456436
  },
  "Total" : {
    "transaction" : "Total",
    "sampleCount" : 7682,
    "errorCount" : 0,
    "errorPct" : 0.0,
    "meanResTime" : 6.910179640718561,
    "medianResTime" : 4.0,
    "minResTime" : 1.0,
    "maxResTime" : 1307.0,
    "pct1ResTime" : 12.0,
    "pct2ResTime" : 19.0,
    "pct3ResTime" : 32.0,
    "throughput" : 129.21130977410726,
    "receivedKBytesPerSec" : 7589.259057574891,
    "sentKBytesPerSec" : 27.697627222343698
  },
  "POST /register" : {
    "transaction" : "POST /register",
    "sampleCount" : 3853,
    "errorCount" : 0,
    "errorPct" : 0.0,
    "meanResTime" : 5.1331430054502984,
    "medianResTime" : 2.0,
    "minResTime" : 1.0,
    "maxResTime" : 1307.0,
    "pct1ResTime" : 6.0,
    "pct2ResTime" : 7.0,
    "pct3ResTime" : 17.0,
    "throughput" : 64.81512633314269,
    "receivedKBytesPerSec" : 10.514334963664503,
    "sentKBytesPerSec" : 17.95111648071359
  }
}